Whisker,Doodle,Coco,Buttercup,Cookie,Jellybean,Snickers,Dottie,Sunny,Waffles,Paws,Tacos,Giggles,Daffodil,Skittles,Tootsie,Glimmer,Quest,Raven,Storm,Titan,Blaze,Gypsy,Jammer,Glitch,Shazam,Dapper,Dazzle,Ragnarok,Whimsy
3576,3708,3057,3649,3908,4212,2915,3648,3028,3029,4527,3901,3940,3228,4064,3537,3802,3951,4055,3703,3624,3217,3543,3633,3260,3169,3145,4215,4505,3402
3122,3205,4531,3415,2901,3802,3553,3706,3914,3235,3216,4069,3137,4212,4231,3912,3557,3235,4510,4048,3912,4066,3919,3130,4203,3240,3166,3634,3257,3301
4001,3521,3002,3935,3516,3249,4228,3255,3963,4027,3138,3634,3513,3042,3238,3646,2933,3010,3625,2922,3104,3014,4235,3804,2910,2926,3608,3133,3232,3622
3053,3014,3113,2931,3118,3507,3964,4017,4227,3608,4203,4518,3905,2930,2926,3239,4017,3042,4513,2934,4044,4021,3009,3504,3560,4040,3109,3536,4033,4517
3941,3715,3317,3710,4006,4234,3027,3603,3952,3059,3113,3716,3220,3538,3024,4209,3515,2919,3243,3915,3248,2904,3222,3913,2905,4010,3243,3126,4040,3410
4034,3013,4216,3419,3625,4227,3628,3946,3701,3213,4041,3221,3415,3947,3627,3136,3101,4048,3504,3913,3150,3054,3136,3405,3746,3265,4205,4526,3940,2910
3939,4234,3955,3327,3018,2938,3126,3707,3519,3507,3419,4520,3157,3510,3223,3952,3243,3548,4009,4046,4023,3941,3711,3147,3249,3616,3644,3716,3313,3504
3948,3409,4511,3005,3623,3929,3320,4045,3403,2902,4013,3206,3732,3752,3015,3238,3148,3750,4001,3153,3546,4013,3418,3313,3025,3736,3514,3804,3609,4036
4028,3607,3233,3135,4303,4036,4053,4206,3252,3721,3901,4032,3543,3565,3702,3955,3034,3056,3559,3720,3757,3165,3617,3903,3414,3604,3106,3569,3738,3955
3735,3206,3905,3569,3722,2907,3757,3129,3639,3024,3936,3313,4035,4504,4066,3260,3421,4062,3030,2916,3324,3533,4048,3619,3161,3406,3732,4208,3960,3544
3005,3302,3530,3752,3648,3007,3907,2926,4041,3555,3205,3150,3924,3134,4058,3959,2915,3228,3305,3315,3751,3310,3732,4022,3016,3754,3741,3268,3625,3122
3106,4036,3740,4206,3011,4528,3754,3230,3251,3702,3319,4040,3540,2901,3522,3214,3575,3320,4523,3330,4238,3248,3756,3721,3537,3247,3738,2922,3126,4217
3037,2939,4050,3957,3108,4237,4029,4065,3045,3146,3165,3528,3227,4002,3136,3138,3927,4017,4521,4057,3259,2933,3925,3961,3258,3612,3326,3920,4046,3550
4005,3012,3645,3612,3147,3131,4036,2938,4011,2904,3019,4026,4237,3003,3404,3221,4510,4020,3715,3623,3572,3329,3003,3915,3941,3545,4004,4304,4207,3951
3126,3422,3640,3575,3202,4052,3116,3919,3613,3018,3716,3319,4039,4016,3030,3617,3158,3023,3310,3525,3045,3040,3913,3314,3961,3731,3153,3405,3263,4055
3045,99222,3246,3742,3747,3616,3528,3567,4531,3704,3167,4302,3247,3206,3701,3527,4024,3722,3109,3260,4070,3238,3307,4027,4008,3330,4071,3573,4513,3017
3530,4518,3701,3153,3406,3959,2917,3403,3246,3542,3707,3955,3166,3737,3707,3641,3548,3012,4012,2929,3320,3052,3106,3053,3548,3209,4027,3161,3253,4017
3568,4003,4059,4221,3059,3634,3121,3314,3245,2935,3159,3145,3209,4232,3166,3740,4203,4041,3407,3309,2921,3325,3012,3743,4513,4045,3140,3401,3567,3704
3218,4056,4053,3963,3634,3328,4032,4222,3132,3244,3750,3022,3722,3120,3706,4012,4211,3577,3707,2918,3522,3003,3241,3202,3215,3404,3709,3142,3407,3518
4026,3230,3541,4232,3957,3264,3802,4003,3569,3234,3103,3629,3950,3323,3026,3323,3259,3252,3319,4022,3315,3410,3961,4068,2928,3503,3244,3641,4017,3607
3742,3216,4210,3031,3319,3218,3921,2940,3722,4205,2932,4055,3925,3934,3031,4011,3636,3608,3521,3522,4043,2938,3026,3732,3571,3750,2936,3535,3132,4502
4006,2911,4235,3621,3122,2916,3728,3017,3955,4526,4020,3616,3512,4205,3724,3125,4227,3241,3573,3047,2913,4057,3215,4237,3038,4304,3529,3240,4032,3506
4041,3956,3752,3036,3528,2920,3108,3928,3915,3119,4035,3231,3956,3025,3115,4505,3303,3954,2933,4302,3201,4205,3912,3156,3956,3751,4213,3011,3107,4031
4031,3239,3549,4051,4041,3748,3265,3244,3556,4520,3919,3306,3560,4235,3605,3645,3925,4068,4202,4234,4054,3564,3004,4047,4039,3145,3202,4058,3101,3601
3221,3002,3529,3246,3051,4205,4203,3157,3621,2928,3133,3920,2909,4234,3577,4212,3155,3749,4032,3025,4003,3623,3944,3328,3121,3920,3618,3545,4002,3923
4530,4520,3624,4035,3950,4001,3608,4007,3169,3019,4023,3721,2933,3127,3058,2923,4054,3904,3909,3302,3735,3038,3644,3953,3928,3915,3522,3611,3265,3030
3417,3059,3564,3532,4071,2903,3723,3414,3226,3650,3528,3014,3235,3033,3307,4030,3267,4014,3055,2902,3723,3959,3006,3530,3037,4236,3720,3704,3266,3209
3115,3235,3737,4237,3934,3624,3540,3410,3551,3538,3941,2936,3261,3026,3533,4239,3944,3950,3047,3747,3628,4528,4211,3206,2934,3930,4515,3622,3943,3625
3249,3638,3722,4022,3219,3631,3056,4070,3007,3505,3577,3036,3556,4513,3168,3314,3703,4061,3117,3745,3905,3924,3260,4019,2918,3648,3539,4001,2912,3706
3254,4218,3544,3045,3328,3110,2935,3733,3406,3558,3264,3952,4050,4211,3419,3137,4232,3617,4223,3903,3551,3523,3614,3102,3962,3730,4518,3706,3526,3948
3573,3111,3139,3713,2926,2908,3329,3159,4220,3411,2937,3035,3241,3640,3104,3131,3552,3632,4056,3245,3035,3945,4039,3541,3730,4024,4068,3007,4502,4058
3039,4515,3504,3401,4049,4202,4035,3623,3322,3115,3605,3645,3749,3415,4055,3166,3566,4203,4040,2926,3508,3305,3741,3642,3954,2922,3948,2934,4016,3740
3117,3158,2931,3109,4222,3031,3962,4208,2916,3638,3643,2910,3154,3939,3614,3222,3310,3963,3025,3570,3044,4212,3932,3635,3508,3511,2928,3223,2920,4521
3312,3940,3156,3422,3545,3518,3603,4005,3025,4502,2935,3913,3959,4062,3045,3524,3916,3735,3957,2938,3101,3552,3942,4062,3160,4523,3127,3413,3707,3755
3155,3009,2939,4053,3309,3226,3639,3637,3416,3546,4043,4303,3149,3744,3259,3566,3213,3229,3122,4520,4216,3104,3105,3224,3702,3323,3254,3313,3926,4207
4009,4207,3019,3634,3956,3022,3939,4038,3650,3021,3116,3155,3143,3564,4040,3753,4234,4228,3516,3516,3018,3260,3104,3621,2904,3317,3256,3924,4205,3113
3514,3562,3163,4214,3953,3262,4231,3629,2915,3258,4068,3648,3237,4007,4026,3704,3613,3953,3008,3575,3309,3714,3915,3571,3705,2930,3916,3724,3616,3247
3257,3705,3326,3250,3961,2936,4043,3913,4052,3169,3239,3925,3017,4525,4530,3008,3410,3316,3932,3523,3560,3213,3132,3920,3957,3148,3263,3963,3139,3011
3628,2905,3165,3046,3329,3626,3632,4036,3745,3046,3517,2917,2910,4529,4522,3155,3539,3623,4222,4224,3501,3008,4037,3028,3411,3526,3645,3613,3731,3749
3929,3313,3168,3623,3546,3525,3267,3911,3725,3254,3931,2905,3511,4225,3225,2937,3229,3301,3714,3740,3254,3610,3206,4001,4210,3644,4508,3218,3753,2905
4237,3720,3409,3912,3518,3245,3127,3566,3035,3419,4037,4019,3571,3316,4207,3163,3118,3234,4049,3917,3103,3122,3625,3507,3575,3723,3712,3214,3537,3009
3559,3151,3703,3257,4028,3615,3722,3933,3150,4011,3207,4523,3954,4067,3402,4227,3510,3007,3204,4020,3554,3262,3201,4238,4057,3629,3233,3169,3717,3268
2937,2931,3743,4003,4058,3720,3743,3535,4035,2924,3004,3742,4516,3757,3537,4020,3549,3207,3114,3017,3531,3604,3558,3909,3734,3961,3574,3125,3038,4520
2918,3930,3738,4233,3572,3201,4037,3630,99222,3030,3649,3006,3055,2936,3027,3307,3516,3403,3566,3627,3533,3716,3509,3557,3904,3021,4028,4527,3148,3217
4071,3958,3947,3015,3123,3153,3135,3022,3206,3408,3037,4006,3625,4031,4059,3729,3569,3538,4216,3561,3420,3266,2912,3714,3722,3547,4035,3648,3228,3057
3318,3136,3421,3934,3730,3958,3109,3205,3156,3201,3123,3052,3907,3514,2918,3742,3201,4221,3213,3411,3422,2925,2921,3572,3214,3938,4217,3547,2918,3128
3601,2919,3256,2902,4061,3932,4026,3904,3529,4211,3135,4056,4518,3235,3903,2922,2916,3014,3221,3647,3936,3804,4069,4030,3405,3042,4025,3054,3516,3608
3202,3207,2909,3217,3310,3253,3059,2929,3321,3719,3958,3505,3946,3211,3942,3246,3544,3232,3623,3949,3919,3418,3501,3744,3119,2903,3537,2914,3150,3308
3942,3039,4036,3162,3204,3324,3512,2927,3512,3756,3723,4211,3729,4010,3911,4223,3517,3029,3734,4021,2910,3607,3023,99222,2916,3603,3203,3029,3614,3409
3225,3614,3241,3564,3261,2930,3040,4305,4034,3267,3939,3547,3634,4019,3257,3009,3230,3933,3743,3034,3238,3933,3326,3151,3602,3244,3240,4511,3213,3537
4021,3741,3623,3110,2936,3921,3311,3307,3959,3266,4222,3611,3952,3263,4012,3914,4068,3113,4527,3414,4039,4004,3949,3029,3718,3405,3719,3006,3417,3514
3104,3916,3712,3939,4234,3543,3569,4515,3504,4505,3621,3728,3918,2933,3921,4530,3237,4050,3757,3020,3754,3550,3224,2932,3144,4050,4214,2924,2935,3162
3108,3011,3221,3937,3311,3524,3643,4057,3564,3557,4049,3756,3527,3217,3611,3711,3741,3751,4511,3054,3112,3938,3748,3951,3551,3739,3115,3626,3644,3201
4523,3251,3237,3916,4510,3223,3606,3260,3927,3525,3735,3003,3728,3307,3250,3562,2918,3918,3401,3057,3647,3939,3420,4055,3561,3803,3226,2915,2936,4239
3943,2929,3638,3901,4203,3010,3805,4519,3005,3017,3321,3131,3410,3746,4061,3327,4235,4021,3036,3507,3515,4226,3935,4529,3623,4218,3032,3103,3649,4004
3110,3034,3032,3037,3418,3001,3710,3010,4065,4210,3956,4515,3719,3507,3749,3615,4209,3219,3731,2903,4222,3006,3946,3733,3911,3619,3545,3314,3160,3533
3150,3944,4219,3707,3559,4020,3028,3632,4236,3325,3962,3037,3254,2931,3406,3212,3605,3128,3028,3326,3014,3132,3045,3305,4232,3310,2935,4050,3144,3547
3206,3544,3615,3627,3628,3318,3228,3568,3502,3054,3951,3029,3516,3147,3056,3754,3563,3732,3946,3218,3143,3644,3056,2930,4007,4031,3408,3034,3569,3406
3046,3301,3514,3266,3116,3241,3244,4044,3264,3728,3238,3640,3508,18724300,3317,4515,3136,3707,3144,3744,3739,3103,3239,4017,2923,3649,3002,3719,3034,2906
3718,3324,3009,3205,3218,3509,3224,3950,3124,3802,3056,3140,3928,3229,3105,4029,3910,3004,4052,4519,4056,3756,4007,3508,3320,3714,2930,18724300,4230,3306
3004,3010,3553,3638,3411,3718,3118,4015,3801,3005,4218,3220,3028,3918,3744,3045,4230,4519,3121,3614,2923,3306,3407,4046,3538,3702,3749,3702,4211,3606
3024,3742,3552,3304,3952,3647,3513,3914,4516,3035,4201,4522,3707,3957,4521,3167,3576,3558,3711,3540,3009,3715,3930,3957,3742,3567,3636,3919,2919,2920
3131,4531,4231,3140,3701,3123,3146,3752,3749,3937,3562,4202,4525,4209,3217,3538,2923,3047,3725,3560,4516,3944,2908,3317,3935,3158,3919,3416,2931,3743
3515,3303,2927,3955,3144,3267,3264,3214,3562,3420,3164,3622,3549,2911,2925,4516,4212,2908,3327,3316,3646,3519,3131,3144,4218,3057,3041,3019,4056,3115
3527,4302,3710,4007,3564,3413,2909,3642,3170,3530,3422,3244,3741,3124,3545,3207,3604,3609,2911,4230,3249,3159,2931,3945,3317,4206,3605,3572,4238,3241
3019,3602,3920,3220,3754,3157,3731,3242,4042,4007,3305,3545,4001,3505,4208,2939,3934,3201,4226,3417,4033,3927,18724300,4071,3607,3577,3159,3518,3028,3915
3901,3248,4011,3408,3624,3639,4070,3166,3106,3630,3233,4053,3529,3755,4037,3540,2938,3929,3402,3202,4214,3755,2930,3554,3262,3205,2923,3303,3202,3719
3529,3159,3914,3044,3136,3213,3641,3209,4066,3705,4025,3527,3915,3924,3933,3321,3258,4508,3308,3637,3406,3516,3149,3755,3502,3569,3556,3145,3019,3053
2928,4018,3938,4224,3151,4010,3546,3640,4235,3622,3522,3107,3322,3143,4304,4529,4225,3906,3266,3121,3744,3571,3907,4206,3903,3608,3214,4047,2932,3013
4525,3262,4237,2909,3042,3515,3020,3101,4033,3631,4036,3245,3040,4027,3731,3956,3027,3650,3111,3704,4217,2905,2904,3935,3057,3640,3643,3912,3937,3117
3166,3938,4040,3622,3236,2902,3530,3734,3326,3503,3211,3617,2926,3412,3610,4045,3710,3570,3801,2908,3909,3802,3167,4050,3648,3901,3956,3156,3939,3114
4527,3117,3112,4205,3512,3151,3231,3539,3118,3212,3572,2901,3510,3566,3518,3317,4229,3118,4022,2933,3935,3626,3144,3568,3717,4232,3315,3520,3715,3262
4018,3129,4515,3556,3741,2918,4236,3920,3605,3724,3262,3015,3943,3912,3632,3124,2924,4001,3311,3631,3046,4519,3127,3553,4525,3711,3151,3511,4047,3615
3138,3261,3559,3251,3706,3013,4207,3704,3724,4070,4227,3637,3957,3604,3623,3237,3735,3145,3108,3123,3960,3201,3524,3942,4027,4015,3915,3016,3022,3530
4004,3753,3230,4219,3745,4529,4030,3554,3015,3910,3058,3960,3562,3058,3148,4208,3951,3258,3518,4006,3606,3141,3956,3724,2903,3420,3619,4011,3328,3105
4022,4230,3045,3549,3738,3122,4305,3737,3136,3964,3632,3573,3702,4520,4006,3157,3558,3624,2902,3105,3517,4035,3268,2908,3611,3949,3739,3037,4019,3016
3752,3959,2906,3646,3168,3027,3709,3530,4530,3012,2910,3116,3039,3915,3135,4234,3163,3621,4530,3705,3602,3313,4016,4527,3555,3623,3630,3523,3219,3106
3031,3150,3907,4015,3256,4024,3242,3511,3209,3634,4003,3041,3648,3557,2908,4071,3629,3054,3567,3630,3725,3143,4068,2916,4031,3119,4042,4061,3532,4210
4232,3157,4222,3949,2921,3221,3935,3708,4001,3605,3705,3314,3909,4228,3908,4517,3567,3634,4228,3756,3216,4003,4028,3727,2937,3109,2905,3732,2908,4005
3548,3523,2914,3256,3241,3549,3103,3602,3010,4236,3950,3644,3505,3111,3302,3636,4517,4045,3404,3701,4232,3529,3322,3745,3805,3159,3132,3267,3751,3322
3926,3931,4004,3018,3527,3136,4531,3560,3527,4518,3043,3739,3226,4215,3603,4031,3008,3519,3702,4013,3703,3621,3528,3122,3202,4070,3248,4517,3114,3226
3234,2906,3501,3411,3029,3142,3139,4026,3262,3559,2931,3508,3134,3561,4068,3570,3057,3757,3638,3750,3927,3603,3306,3749,3106,3757,3057,3102,3217,3024
3036,3141,4302,3034,3506,3158,3036,3565,3229,4237,3011,3631,3216,3609,3943,3649,3010,3716,2929,4527,3267,3259,3229,4203,4045,3040,3044,3301,3231,3010
3502,3925,3209,3242,3752,3404,2905,4058,3704,3710,3607,3415,3120,2923,3939,3634,3019,3641,3919,3010,3536,3622,3648,4015,3925,3562,3118,3514,3119,3318
3903,3038,3912,3303,4505,3236,4054,3046,2906,3237,4214,4225,3020,3734,3221,3943,3053,3739,4007,3904,3637,3541,3559,3216,4204,4502,3111,3167,3203,3954
3307,3250,3320,3058,4026,4216,3631,3553,2930,3906,4213,3254,3620,3749,2911,2903,3714,3556,3709,3323,3029,2934,3033,3613,3233,3563,4069,3024,3327,4059
3620,3707,3566,18724300,3732,3202,4067,4012,3057,3644,3622,2938,4028,3057,3563,4025,3159,3602,4019,3616,3942,4016,3959,3422,4047,3521,3602,4201,3008,3627
3802,3750,3614,3404,3404,3711,3502,4527,3054,3805,3909,3162,2908,3266,2931,3248,3756,2904,2938,3946,3122,4005,3139,3937,3549,2936,4201,3517,3023,3650
4051,3005,3247,3330,4502,3502,4204,4069,3247,3513,3721,3719,3731,3504,3901,3647,3021,3545,3736,3934,4065,2908,4513,3021,3521,3533,3934,3262,3230,3623
3020,4028,3150,3929,3003,3015,2906,4039,3325,4048,4505,3136,3320,3210,4046,3115,3522,3614,3104,3948,3033,2931,4213,3562,3169,3102,3306,3245,3727,3913
4522,3042,3251,3721,3554,3134,2918,3156,3645,4207,3157,4054,3401,3106,2905,4018,3906,3931,3611,4033,3003,4516,3213,3165,3241,3151,3572,3942,3906,3158
4032,4055,3928,3028,3603,3713,4528,3250,4056,3627,3246,2902,3617,3407,3325,4050,4034,4037,4206,3418,3020,3632,3013,3623,4214,4223,3637,3619,4227,3055
4216,3413,3924,2927,3604,3531,3948,3945,3922,3524,3203,3712,3101,3613,3932,2911,3239,3329,4517,3909,3047,3315,3535,3210,3535,3602,3540,3012,3748,3565
3142,3560,2901,3932,3536,3127,4017,3330,3040,3727,3510,3724,3921,3803,4047,4519,3635,3405,4015,4505,3571,3157,4019,3204,4510,4009,3704,3210,2939,3160
3936,3517,4035,2906,3707,3619,4526,4066,3716,3733,3310,3917,4522,2928,4070,3024,3320,3744,4221,3950,3415,3257,3253,3520,3550,2904,3606,4235,3225,3731
3116,3572,3542,4039,3138,4209,3505,2937,4028,3518,3241,3914,2901,3422,3619,3216,3106,3955,3056,3158,2903,3419,3059,3707,3563,3902,3304,4023,3131,4237
4016,2901,3754,3502,3803,4207,3402,4518,4020,3045,4216,3232,3727,3328,3928,3743,4047,4018,3538,4515,3726,4054,3170,4214,4038,3147,3323,3415,3421,3647
3955,3516,4070,4027,3410,3163,3168,3130,2910,3023,3929,3565,3605,3935,4060,4017,3202,3743,3159,3242,4525,3727,3419,2940,3255,3910,4239,3323,3021,3019
3047,4505,3218,3506,3321,3629,3609,3302,3058,3904,3405,3412,3746,4502,3639,3258,3311,3223,2904,3757,3930,4027,4230,4043,3501,3530,3642,3932,3802,4201
4057,4527,3534,3951,4515,3736,3237,3925,3720,3734,4210,3137,4210,3642,3208,4001,3643,3034,3040,3006,4303,3059,3312,3648,2929,3155,4208,3201,3643,3245